{"accuracy": 0.36133333333333334, "f1": 0.6535451608135292, "ap": 0.35213835034448965, "recall": 0.4268988625904587, "roc": 0.7123948076407127}