{"accuracy": 0.3618153846153846, "f1": 0.6534677698268021, "ap": 0.35233426515436633, "recall": 0.4280364794131909, "roc": 0.7129560655153564}