{"accuracy": 0.3640333333333333, "f1": 0.6560948157446498, "ap": 0.3558167016418534, "recall": 0.42921758461920606, "roc": 0.71359401363672}