{"accuracy": 0.3640333333333333, "f1": 0.6561059574698167, "ap": 0.3558187244923163, "recall": 0.4292199458942945, "roc": 0.7135951942742643}