{"accuracy": 0.36133333333333334, "f1": 0.6535559815940647, "ap": 0.35212469700966814, "recall": 0.4269002119360262, "roc": 0.7123954901805284}