{"accuracy": 0.36133333333333334, "f1": 0.6535474297044171, "ap": 0.35212314247376575, "recall": 0.4268988625904587, "roc": 0.7123948193952903}