{"accuracy": 0.36133333333333334, "f1": 0.6535559829741729, "ap": 0.35212598859786276, "recall": 0.42690021193602606, "roc": 0.7123954732227408}