{"accuracy": 0.3606153846153846, "f1": 0.6500758884955665, "ap": 0.34730907713842, "recall": 0.4127909633244702, "roc": 0.7054940937430624}