{"accuracy": 0.3616615384615385, "f1": 0.6508784045361683, "ap": 0.34851057675823877, "recall": 0.41527243846148904, "roc": 0.7067176552394717}