{"accuracy": 0.3653666666666667, "f1": 0.6524391956579186, "ap": 0.3492947044135181, "recall": 0.414216392202527, "roc": 0.7062083612000045}