{"accuracy": 0.3605897435897436, "f1": 0.6500728285543118, "ap": 0.34729926141555595, "recall": 0.41278947900611007, "roc": 0.7054932214399432}