{"accuracy": 0.36543333333333333, "f1": 0.6524453241428512, "ap": 0.34932239580387714, "recall": 0.4142512354081019, "roc": 0.7062256085321149}