{"accuracy": 0.3605897435897436, "f1": 0.6500698430475549, "ap": 0.34730600410509604, "recall": 0.41278794278706665, "roc": 0.7054924251914139}