{"accuracy": 0.3605897435897436, "f1": 0.6500728285543117, "ap": 0.347299261415556, "recall": 0.41278947900611, "roc": 0.7054932214399432}